{
  "polynomial": {
    "degree": 1,
    "nu": 0.25,
    "gamma": 0.03125,
    "coef": 4
  },
  "rbf": {
    "nu": 0.03125,
    "gamma": 0.0001220703125
  },
  "linear": {
    "nu": 0.25
  },
  "sigmoid": {
    "nu": 0.0625,
    "gamma": 8,
    "coef": 5.9604644775391e-8
  }
}