{
    "linear":{
        "nu":0.34019750004359428
    },
    "polynomial":{
        "coef":0.27001493472307653,
        "degree":2,
        "gamma":7.62939453125e-06,
        "nu":0.72860554337452943
    },
    "rbf":{
        "gamma":4.8443635619146695e-05,
        "nu":0.0625
    },
    "sigmoid":{
        "coef":7.62939453125e-06,
        "gamma":3.1748021039363987,
        "nu":0.08504937501089857
    }
}