{"polynomial": null, "rbf": {"nu": 0.045929202883612456, "gamma": 4.8443635619146695e-05}, "linear": {"nu": 0.34019750004359428}, "sigmoid": {"nu": 0.024803141437003136, "gamma": 0.27001493472307653, "coef": 4.76837158203125e-07}}