{
    "linear":{
        "nu":0.25
    },
    "polynomial":{
        "coef":4.0,
        "degree":1,
        "gamma":0.03125,
        "nu":0.25
    },
    "rbf":{
        "gamma":0.0001220703125,
        "nu":0.03125
    },
    "sigmoid":{
        "coef":5.9604644775390625e-08,
        "gamma":8.0,
        "nu":0.0625
    }
}