{
    "linear":{
        "nu":0.0009765625
    },
    "polynomial":null,
    "rbf":{
        "gamma":1.52587890625e-05,
        "nu":0.0009765625
    },
    "sigmoid":{
        "coef":5.9604644775390625e-08,
        "gamma":0.25,
        "nu":0.001953125
    }
}