{
    "linear":{
        "nu":0.0625
    },
    "polynomial":{
        "coef":9.332232316608934,
        "degree":3,
        "gamma":0.0036166980948722292,
        "nu":0.0625
    },
    "rbf":{
        "gamma":3.5599641100345333e-05,
        "nu":0.0625
    },
    "sigmoid":{
        "coef":7.62939453125e-06,
        "gamma":3.7034988491491614,
        "nu":0.0625
    }
}