{
    "linear":{
        "nu":0.25
    },
    "polynomial":{
        "coef":5.9604644775390625e-08,
        "degree":1,
        "gamma":0.015625,
        "nu":0.25
    },
    "rbf":{
        "gamma":0.0625,
        "nu":0.0625
    },
    "sigmoid":{
        "coef":5.9604644775390625e-08,
        "gamma":0.03125,
        "nu":0.0625
    }
}