{
    "linear":{
        "nu":0.15749013123685915
    },
    "polynomial":{
        "coef":0.27001493472307653,
        "degree":1,
        "gamma":4.152801514204027e-05,
        "nu":0.58995757960832207
    },
    "rbf":{
        "gamma":0.057867169517955667,
        "nu":0.0625
    },
    "sigmoid":{
        "coef":7.62939453125e-06,
        "gamma":0.01687593342019229,
        "nu":0.18371681153444983
    }
}