{"polynomial": {"degree": 1, "nu": 0.125, "gamma": 3.0517578125e-05, "coef": 3.0517578125e-05}, "rbf": {"nu": 0.0625, "gamma": 0.0625}, "linear": {"nu": 0.0625}, "sigmoid": {"nu": 0.125, "gamma": 0.03125, "coef": 5.9604644775390625e-08}}