{
    "linear":{
        "nu":0.0625
    },
    "polynomial":{
        "coef":3.0517578125e-05,
        "degree":1,
        "gamma":3.0517578125e-05,
        "nu":0.125
    },
    "rbf":{
        "gamma":0.0625,
        "nu":0.0625
    },
    "sigmoid":{
        "coef":5.9604644775390625e-08,
        "gamma":0.03125,
        "nu":0.125
    }
}